{
  "a": 1010.0672648236263,
  "b": -43.73449789228374,
  "c": 0.0,
  "d": 0.0,
  "e": 0.0,
  "f": 0.0,
  "g": -105.92414111132874
}