{
  "a": 905.2335701537293,
  "b": -23.575093561253443,
  "c": 0.0,
  "d": 0.0,
  "e": 0.0,
  "f": 0.0,
  "g": 6.626702081046264
}